Open time,Open,High,Low,Close,Volume
2026-02-01 09:00:00,0.03591,0.04688,0.03297,0.03757,7192102707.0
