Open time,Open,High,Low,Close,Volume
2026-02-01 09:00:00,0.025,0.02637,0.01305,0.01957,39817186082.0
