{
    "tickers": [
        {
            "ticker": "XVGUSDT",
            "name": "XVGUSDT",
            "current_price": 0.0069312,
            "ma60": 0.006920289999999999,
            "ma60_ratio": 1.0015765235271934,
            "price_26_days_ago": 0.006274765,
            "chikou_span_current": 0.0069312,
            "chikou_ratio": 1.1046150732338185,
            "lag_60_close": 0.0065205,
            "lag_gap": 0.00041069999999999995,
            "lag_gap_percent": 6.298596733379341,
            "senkou_span_a": 0.0074776,
            "senkou_span_b": 0.0067087,
            "cloud_ratio": 1.1146123690133707,
            "highest_close_60d": 0.0082245,
            "high_ratio": 0.8427503191683386
        },
        {
            "ticker": "BNTUSDT",
            "name": "BNTUSDT",
            "current_price": 0.71621,
            "ma60": 0.7113056666666666,
            "ma60_ratio": 1.006894832366957,
            "price_26_days_ago": 0.6371521666666666,
            "chikou_span_current": 0.71621,
            "chikou_ratio": 1.1240799882184085,
            "lag_60_close": 0.6737,
            "lag_gap": 0.04251000000000005,
            "lag_gap_percent": 6.309930236010102,
            "senkou_span_a": 0.7166925,
            "senkou_span_b": 0.610785,
            "cloud_ratio": 1.1733957120754437,
            "highest_close_60d": 0.75217,
            "high_ratio": 0.9521916588005371
        },
        {
            "ticker": "B2USDT",
            "name": "B2USDT",
            "current_price": 0.6725,
            "ma60": 0.6712333333333333,
            "ma60_ratio": 1.0018870735462084,
            "price_26_days_ago": 0.6430183333333334,
            "chikou_span_current": 0.6725,
            "chikou_ratio": 1.0458488741896939,
            "lag_60_close": 0.625,
            "lag_gap": 0.04749999999999999,
            "lag_gap_percent": 7.599999999999999,
            "senkou_span_a": 0.674,
            "senkou_span_b": 0.6537,
            "cloud_ratio": 1.031054000305951,
            "highest_close_60d": 0.724,
            "high_ratio": 0.9288674033149171
        }
    ],
    "update_time": "2025-05-21T12:05:41.755867"
}