{
    "tickers": [
        {
            "ticker": "KRW-STRAX",
            "name": "STRAX",
            "current_price": 82.8,
            "ma60": 77.64550000000001,
            "ma60_ratio": 1.066385044851279,
            "price_26_days_ago": 79.27966666666667,
            "chikou_span_current": 82.8,
            "chikou_ratio": 1.0444039875714242,
            "lag_60_close": 75.48,
            "lag_gap": 7.319999999999993,
            "lag_gap_percent": 9.697933227344983,
            "senkou_span_a": 79.72500000000001,
            "senkou_span_b": 83.315,
            "now_span_a": 79.715,
            "now_span_b": 83.315,
            "cloud_ratio": 0.95679049390866,
            "highest_close_60d": 90.92,
            "high_ratio": 0.9106907171139462
        }
    ],
    "update_time": "2025-05-11T14:28:32.302785"
}